"Trait ID","Trait name","Method","RS#","Chromosome","Marker position (bp)","QTN effect","LOD score","'-log10(P)'","r2 (%)","MAF","Genotype for code 1","Var_error","Var_phen (total)"
"1","trait1","mrMLM","PZA03188.4","1","280719882","  7.3415","6.8699","7.7306"," 7.2867","0.2865","CC","256.9428","415.3457"
"1","trait1","mrMLM","PZA03214.3","1","245136244"," 12.1653","4.0224","4.7751","16.4596","0.0808","CC","",""
"1","trait1","mrMLM","PZA03559.1","2"," 15810363","  5.4154","5.5784","6.3966"," 5.8869","0.4077","CC","",""
"1","trait1","mrMLM","PZB01892.1","3","161573186","-10.7089","4.1226","4.8802"," 5.1142","0.0500","GG","",""
"1","trait1","mrMLM","PZA03042.5","5"," 64413280"," -9.4674","3.8834","4.6291"," 4.7384","0.0615","CC","",""
"1","trait1","mrMLM","PZA00112.5","5"," 13664679"," -8.8206","6.4160","7.2627"," 7.4404","0.1250","AA","",""
"1","trait1","FASTmrMLM","PZA03188.4","1","280719882","6.1999","5.4994","6.3147","6.0572","0.2882","CC","294.5034","415.3457"
"1","trait1","FASTmrMLM","PZA03559.1","2","15810363","4.7066","5.0825","5.8819","5.183","0.4084","CC","",""
"1","trait1","FASTmrMLM","PZB01892.1","3","161573186","-7.2654","3.268","3.9799","2.7438","0.0496","GG","",""
"1","trait1","FASTmrMLM","PZA00112.5","5","13664679","-7.6541","6.4026","7.2489","6.5302","0.124","AA","",""
"1","trait1","FASTmrEMMA","PZA03188.4","1","280719882","12.4482","4.5324","5.3088","6.1221","0.2882","CC","342.9038","415.3457"
"1","trait1","FASTmrEMMA","PZA03559.1","2","15810363","8.2823","3.398","4.1175","3.9273","0.4084","CC","",""
"1","trait1","pLARmEB","PZA03188.4","1","280719882","6.2474","6.0377","6.872","5.1548","0.2882","CC","279.0382","415.3457"
"1","trait1","pLARmEB","PZA03559.1","2","15810363","5.0436","6.2169","7.0572","4.9883","0.4084","CC","",""
"1","trait1","pLARmEB","PZA00112.5","5","13664679","-6.3693","4.7837","5.5709","3.79","0.124","AA","",""
"1","trait1","pKWmEB","PZA03188.4","1","280719882"," 7.1574","7.3193","8.1930","10.2315","0.2865","CC","276.1503","415.3457"
"1","trait1","pKWmEB","PZA03214.3","1","245136244"," 8.7556","4.5183","5.2941","11.0930","0.0808","CC","",""
"1","trait1","pKWmEB","PZA03559.1","2"," 15810363"," 5.2178","6.7518","7.6089"," 7.5809","0.4077","CC","",""
"1","trait1","pKWmEB","PZA00112.5","5"," 13664679","-5.8843","3.6658","4.4001"," 7.3071","0.1250","AA","",""
"1","trait1","ISIS EM-BLASSO","PZA03214.3","1","245136244","9.4984","4.7627","5.5491","11.6956","0.0802","CC","258.2658","415.3457"
"1","trait1","ISIS EM-BLASSO","PZA03188.4","1","280719882","6.5326","6.9682","7.8318","6.7248","0.2882","CC","",""
"1","trait1","ISIS EM-BLASSO","PZA03559.1","2","15810363","5.0386","6.7354","7.592","5.94","0.4084","CC","",""
"1","trait1","ISIS EM-BLASSO","PZA03647.3","3","185318086","3.6464","3.0251","3.722","2.7715","0.2805","TT","",""
"1","trait1","ISIS EM-BLASSO","PZA00112.5","5","13664679","-5.594","3.9982","4.7497","3.4881","0.124","AA","",""
"1","trait1","ISIS EM-BLASSO","PZA03261.1","5","41024015","-5.8369","3.082","3.7825","2.3134","0.0725","GG","",""
