"Trait ID","Trait name","RS#","Chromosome","Marker position (bp)","SNP effect (mrMLM)","SNP effect (FASTmrMLM)","SNP effect (FASTmrEMMA)","'-log10(P) (mrMLM)'","'-log10(P) (FASTmrMLM)'","'-log10(P) (FASTmrEMMA)'","'-log10(P) (pKWmEB)'","Genotype for code 1"
"1","trait1","PZB00859.1","1","157104","2.1594","2.1594","4.4201","0.9717","0.9717","0.9098","1.2724","CC"
"1","trait1","PZA01271.1","1","1947984","-1.6056","-1.6056","-3.1043","0.7698","0.7697","0.7182","0.2844","CC"
"1","trait1","PZA03613.2","1","2914066","0.001","0.001","5e-04","0.0037","0.0037","0","0.2566","GG"
"1","trait1","PZA03613.1","1","2914171","-5e-04","-5e-04","-3e-04","0.002","0.002","0","0.4125","TT"
"1","trait1","PZA03614.2","1","2915078","0.0042","0.0042","0.002","0.0163","0.0163","0","0.1012","GG"
"1","trait1","PZA03614.1","1","2915242","0.003","0.003","0.0014","0.0116","0.0116","0","0.2680","TT"
"1","trait1","PZA02117.1","1","223466480","0.0014","0.0014","9e-04","0.0054","0.0054","0","0.0853","AA"
"1","trait1","PZA00403.5","1","223466873","0.0026","0.0026","0.0013","0.0098","0.0098","0","0.1171","TT"
"1","trait1","PZB01979.2","1","224421551","-0.0044","-0.0044","-0.0022","0.0171","0.0171","0","0.7111","AA"
"1","trait1","PZB01979.3","1","224421962","0.0041","0.0041","0.0021","0.0159","0.0159","0","0.5602","CC"
"1","trait1","PZA00658.21","1","224518409","5e-04","5e-04","1e-04","0.0018","0.0018","0","0.0672","TT"
"1","trait1","PZA00658.19","1","224518576","0.0035","0.0035","0.0015","0.0135","0.0135","0","0.3448","AA"
"1","trait1","PHM2478.22","1","226781494","-1.2158","-1.216","-2.1476","0.4267","0.4268","0.4607","1.0144","CC"
"1","trait1","PZA00664.3","1","227542648","-0.9069","-0.9069","-1.3384","0.4522","0.4522","0.4415","0.8105","GG"
"1","trait1","umc128.2","1","227602208","0.001","0.001","5e-04","0.0039","0.0039","0","0.4774","AA"
"1","trait1","PZA03001.18","1","231037244","-4e-04","-4e-04","-4.5236e-05","0.0014","0.0014","0","0.4406","AA"
"1","trait1","PZA03001.15","1","231037305","0.0019","0.0019","7e-04","0.0073","0.0073","0","0.0640","TT"
"1","trait1","PZA03001.9","1","231037458","0.002","0.002","8e-04","0.0077","0.0077","0","0.1230","AA"
"1","trait1","PZB01647.2","1","231039050","-2e-04","-2e-04","6.294e-05","7e-04","7e-04","0","0.1608","AA"
"1","trait1","PZB01647.1","1","231039372","0.0033","0.0033","0.0013","0.0127","0.0127","0","0.2023","TT"
"1","trait1","PZB00116.3","1","233400962","2e-04","2e-04","9.7802e-05","6e-04","6e-04","0","1.8297","AA"
"1","trait1","PZB00011.1","1","233401031","-5e-04","-5e-04","-3e-04","0.0018","0.0018","0","0.0624","AA"
"1","trait1","PZB00116.1","1","233401072","-0.838","-0.838","-1.6307","0.3706","0.3706","0.4484","0.4416","AA"
"1","trait1","PZB00011.6","1","233401162","0.0035","0.0035","0.0018","0.0133","0.0133","0","0.2688","AA"
"1","trait1","PZB00116.2","1","233401241","-6e-04","-6e-04","-3e-04","0.0022","0.0022","0","0.1051","CC"
"1","trait1","PZA00381.3","1","237639087","5.1175e-05","5.1175e-05","-8.9232e-05","2e-04","2e-04","0","0.3544","GG"
"1","trait1","id1.9","1","238901790","7.5497e-05","7.5497e-05","7.5009e-05","3e-04","3e-04","0","0.1913","CC"
"1","trait1","id1.8","1","238901929","-18.634","-18.6337","-35.1637","2.1421","2.142","1.0834","1.8128","TT"
"1","trait1","id1.6","1","238902012","-9e-04","-9e-04","-5e-04","0.0036","0.0036","0","0.1003","TT"
"1","trait1","id1.3","1","238902078","-0.0022","-0.0022","-0.0011","0.0084","0.0084","0","0.2101","TT"
"1","trait1","id1.2","1","238902091","-7e-04","-7e-04","-3e-04","0.0025","0.0025","0","0.1039","GG"
"1","trait1","PZB02144.4","1","238902135","-0.0018","-0.0018","-9e-04","0.0067","0.0067","0","0.1032","TT"
"1","trait1","PZB02144.5","1","238902252","0.0026","0.0026","0.0012","0.0099","0.0099","0","0.0987","AA"
"1","trait1","an1.4","1","240498509","-4.9982","-4.9982","-9.9249","1.3551","1.3551","1.1783","1.3211","CC"
"1","trait1","PZB00148.3","1","240498948","0.0033","0.0033","0.0016","0.0128","0.0128","0","0.2712","CC"
"1","trait1","PZB00425.1","1","240499513","1.8099","1.8099","3.4492","0.6039","0.6039","0.593","0.6267","TT"
"1","trait1","PZB00237.2","1","240501065","5e-04","5e-04","1e-04","0.002","0.002","0","0.0294","GG"
"1","trait1","PZB00237.1","1","240501138","0.004","0.004","0.1743","0.0154","0.0154","0.3116","0.0324","AA"
"1","trait1","PZA03301.2","1","240574247","1.1991","1.1991","2.6374","0.5161","0.5161","0.5846","0.5423","GG"
"1","trait1","PZA03301.5","1","240574310","0.0012","0.0012","6e-04","0.0046","0.0046","0","0.4284","AA"
"1","trait1","PZA03301.3","1","240574367","0.0026","0.0026","0.0011","0.0098","0.0098","0","0.0127","AA"
"1","trait1","PZA03666.3","1","241424828","-0.0036","-0.0036","-0.0016","0.0139","0.0139","0","0.0591","AA"
"1","trait1","PZA03665.2","1","241430615","-0.0029","-0.0029","-0.0013","0.0112","0.0112","0","0.2742","TT"
"1","trait1","PZA03664.1","1","241432880","-0.0016","-0.0016","-5e-04","0.0059","0.0059","0","0.0100","TT"
"1","trait1","PZA03214.3","1","245136244","8.8025","8.8026","16.7252","2.3937","2.3937","1.7872","1.3714","CC"
"1","trait1","PZA03214.2","1","245136273","7e-04","7e-04","1e-04","0.0027","0.0027","0","0.0121","CC"
"1","trait1","PZA03214.1","1","245136387","0.826","0.826","1.667","0.3964","0.3963","0.4704","0.3400","CC"
"1","trait1","PZA00137.2","1","247821390","-0.0037","-0.0037","-0.0019","0.0143","0.0143","0","0.0388","CC"
"1","trait1","PZA03064.6","1","248503298","0.001","0.001","4e-04","0.004","0.004","0","0.3051","GG"
"1","trait1","PZA03404.1","1","249259485","-8e-04","-8e-04","-3e-04","0.0028","0.0028","0","0.0216","GG"
"1","trait1","PHM16605.19","1","251142538","-0.7588","-0.7596","-1.3667","0.3197","0.3199","0.4078","0.1504","TT"
"1","trait1","PZA00411.1","1","251196990","0.001","0.001","5e-04","0.0037","0.0037","0","0.7680","AA"
"1","trait1","PZA02269.4","1","252721946","-0.0011","-0.0011","-4e-04","0.0041","0.0041","0","0.2583","TT"
"1","trait1","PZA02269.3","1","252722026","-0.003","-0.003","-0.0015","0.0115","0.0115","0","0.0483","TT"
"1","trait1","PZA00318.2","1","255148812","0.0034","0.0034","0.0017","0.0129","0.0129","0","0.0961","CC"
"1","trait1","PZA00318.5","1","255148947","-0.7554","-0.7558","-0.6376","0.3057","0.3058","0.3438","0.2905","CC"
"1","trait1","PZA03387.1","1","255487200","4e-04","4e-04","-4.5393e-05","0.0014","0.0014","0","0.1522","CC"
"1","trait1","PHM14475.7","1","256245118","-0.0025","-0.0025","-0.0011","0.0097","0.0097","0","0.1137","TT"
"1","trait1","PZA03434.1","1","257050459","-0.001","-0.001","-3e-04","0.0037","0.0037","0","0.0145","TT"
"1","trait1","PZA01588.1","1","258495441","0.0013","0.0013","6e-04","0.005","0.005","0","0.7534","AA"
"1","trait1","PZA00339.3","1","260297200","-0.0037","-0.0037","-0.0019","0.0142","0.0142","0","0.0445","AA"
"1","trait1","PZA00094.2","1","260688178","1e-04","1e-04","2e-04","5e-04","5e-04","0","0.0280","CC"
"1","trait1","PZB02476.1","1","261275414","-3e-04","-3e-04","-7.3959e-06","0.0013","0.0013","0","0.5487","CC"
"1","trait1","PZB02476.2","1","261275857","5.7166","5.7166","13.9935","0.5914","0.5914","0.6096","1.8705","CC"
"1","trait1","PZA01921.19","1","261313982","0.0044","0.0044","0.0021","0.0171","0.0171","0","0.6173","AA"
"1","trait1","PZA00709.19","1","261859081","0.4891","0.4893","0.4481","0.2749","0.275","0.3408","0.6841","AA"
"1","trait1","PZA02985.5","1","262339533","0.0011","0.0011","5e-04","0.0041","0.0041","0","0.1546","CC"
"1","trait1","PZA03457.1","1","262715518","-1.2064","-1.2064","-1.8689","0.4403","0.4403","0.4437","0.0003","AA"
"1","trait1","PZA00013.8","1","263276112","0.0021","0.0021","9e-04","0.0082","0.0082","0","0.5668","TT"
"1","trait1","PZA00013.9","1","263276335","-0.0033","-0.0033","-0.0015","0.0127","0.0127","0","0.6730","AA"
"1","trait1","PZA03392.2","1","263337129","0.002","0.002","9e-04","0.0077","0.0077","0","0.1946","CC"
"1","trait1","PZA03392.1","1","263337243","-2.4869","-2.4869","-4.8378","1.0244","1.0244","0.9068","0.4377","CC"
"1","trait1","PZA00356.8","1","263637986","-0.0022","-0.0022","-8e-04","0.0082","0.0082","0","0.0078","GG"
"1","trait1","tb1.1","1","264847299","0.0017","0.0017","9e-04","0.0063","0.0063","0","1.4238","CC"
"1","trait1","tb1.3","1","264847349","-0.0015","-0.0015","-5e-04","0.0057","0.0057","0","0.0738","TT"
"1","trait1","tb1.20","1","264847406","-1e-04","-1e-04","-1e-04","5e-04","5e-04","0","0.3049","GG"
"1","trait1","tb1.19","1","264847429","-9.7814e-05","-9.7814e-05","-1e-04","4e-04","4e-04","0","0.0946","GG"
"1","trait1","tb1.18","1","264847469","7e-04","7e-04","4e-04","0.0027","0.0027","0","0.2683","GG"
"1","trait1","tb1.17","1","264847517","-2e-04","-2e-04","-8.3007e-06","6e-04","6e-04","0","1.9840","TT"
"1","trait1","tb1.15","1","264847721","-0.0022","-0.0022","-8e-04","0.0082","0.0082","0","0.2962","GG"
"1","trait1","tb1.14","1","264847950","0.0037","0.0037","0.9471","0.0143","0.0143","0.3581","0.1052","GG"
"1","trait1","tb1.13","1","264847982","0.0034","0.0034","0.0018","0.0132","0.0132","0","0.1911","AA"
"1","trait1","tb1.12","1","264847985","0.002","0.002","0.0011","0.0075","0.0075","0","0.1781","TT"
"1","trait1","tb1.11","1","264848126","-5.9733","-5.9731","-11.5281","1.1654","1.1654","0.9299","0.2722","AA"
"1","trait1","tb1.8","1","264848659","-6.7778e-05","-6.7779e-05","2e-04","3e-04","3e-04","0","0.6626","GG"
"1","trait1","tb1.5","1","264849536","0.7174","0.7174","2.2624","0.2126","0.2126","0.4016","0.2879","CC"
"1","trait1","PZD00083.4","1","264855731","-3.3733","-3.3733","-6.3614","0.9482","0.9482","0.8245","1.1328","AA"
"1","trait1","PZD00083.3","1","264856041","-0.0033","-0.0033","-0.0015","0.0126","0.0126","0","0.3160","GG"
"1","trait1","PZD00083.2","1","264856106","-3.7104","-3.7104","-6.7829","1.0216","1.0216","0.8496","1.9868","CC"
"1","trait1","d8.1","1","265199563","4e-04","4e-04","2.4331e-05","0.0014","0.0014","0","0.0995","AA"
"1","trait1","d8.2","1","265199818","2e-04","2e-04","2e-04","9e-04","9e-04","0","0.1376","AA"
"1","trait1","d8.3","1","265199938","0.0012","0.0012","4e-04","0.0044","0.0044","0","0.0457","AA"
"1","trait1","PZB00226.1","1","265201499","0.9883","0.9883","1.8706","0.3476","0.3476","0.4282","0.8539","TT"
"1","trait1","PZB01725.2","1","266953775","0.0036","0.0036","0.0018","0.0136","0.0136","0","1.0988","CC"
"1","trait1","PZB01725.1","1","266954041","0.0034","0.0034","0.0018","0.0131","0.0131","0","0.3618","AA"
"1","trait1","PZB01728.5","1","266955761","-3.9012","-3.9014","-6.7207","0.7019","0.7019","0.5921","0.5199","TT"
"1","trait1","PZB01728.6","1","266955990","2.0871","2.0871","3.8523","0.8758","0.8758","0.7604","0.8465","TT"
"1","trait1","PZB01728.7","1","266956231","0.0027","0.0027","0.0013","0.0103","0.0103","0","0.3274","TT"
"1","trait1","PZA02812.43","1","267615478","0.0021","0.0021","9e-04","0.0079","0.0079","0","0.5246","GG"
"1","trait1","PZA02812.34","1","267615649","0.0034","0.0034","0.0015","0.0129","0.0129","0","0.5927","AA"
"1","trait1","PZA00364.2","1","268082543","-0.0034","-0.0034","-0.0016","0.0132","0.0132","0","0.3144","TT"
"1","trait1","PZA00364.5","1","268082607","1.0529","1.053","1.711","0.4169","0.4169","0.4405","0.5389","CC"
"1","trait1","PZB00083.1","1","268369569","3e-04","3e-04","-2.7429e-05","0.0011","0.0011","0","0.1116","CC"
"1","trait1","PZB00083.3","1","268369718","0.0015","0.0015","7e-04","0.0056","0.0056","0","0.3742","TT"
"1","trait1","PZB00895.4","1","268369850","7e-04","7e-04","2e-04","0.0027","0.0027","0","0.1646","TT"
"1","trait1","PZB00895.3","1","268369942","-3e-04","-3e-04","2e-04","0.0011","0.0011","0","0.9956","CC"
"1","trait1","PZB00895.1","1","268370364","-0.004","-0.004","-0.0016","0.0153","0.0153","0","0.4272","AA"
"1","trait1","PZB00895.2","1","268370415","-0.0016","-0.0016","-8e-04","0.0059","0.0059","0","0.0997","GG"
"1","trait1","PZB00008.1","1","268371949","0.0024","0.0024","0.0011","0.009","0.009","0","0.3332","GG"
"1","trait1","PZB00063.1","1","268373103","-0.0042","-0.0042","-0.0019","0.016","0.016","0","0.6618","CC"
"1","trait1","PZB00063.6","1","268373267","3.1493e-05","3.1493e-05","2e-04","1e-04","1e-04","0","0.7071","GG"
"1","trait1","PZB00063.2","1","268373269","2e-04","2e-04","7.189e-05","9e-04","9e-04","0","0.3174","GG"
"1","trait1","PZB00176.5","1","268373293","-0.0011","-0.0011","-6e-04","0.0042","0.0042","0","0.1339","GG"
"1","trait1","PZB00063.3","1","268373339","0.8225","0.8267","1.8901","0.3455","0.3466","0.4607","1.0330","TT"
"1","trait1","PZB00063.4","1","268373504","0.4577","0.4578","1.091","0.2291","0.2292","0.3854","0.5114","AA"
"1","trait1","PZB00063.5","1","268373562","0.3662","0.3662","0.3876","0.1968","0.1968","0.3285","0.9864","TT"
"1","trait1","PZA02278.1","1","270002291","-0.0035","-0.0035","-0.0015","0.0135","0.0135","0","0.2977","CC"
"1","trait1","PZB01427.4","1","270364551","0.949","0.9492","1.8081","0.3588","0.3589","0.4351","0.3944","AA"
"1","trait1","PZB01427.5","1","270364633","-9e-04","-9e-04","-4e-04","0.0034","0.0034","0","0.5945","TT"
"1","trait1","PZA02698.3","1","272318990","0.0023","0.0023","0.0014","0.0089","0.0089","0","0.0873","AA"
"1","trait1","PZA00698.4","1","273531917","-0.0036","-0.0036","-0.0016","0.0138","0.0138","0","0.2407","AA"
"1","trait1","PZA02520.1","1","275190900","-2.0816","-2.0817","-4.0411","0.8388","0.8388","0.7726","1.1346","CC"
"1","trait1","PZB00068.1","1","275982031","3e-04","3e-04","9.1746e-05","0.001","0.001","0","0.0378","GG"
"1","trait1","PZB00184.2","1","275983349","-8e-04","-8e-04","-2e-04","0.0029","0.0029","0","0.2196","AA"
"1","trait1","PZB00184.1","1","275983520","-0.0577","-0.0065","-4e-04","0.0332","0.0109","0","0.0222","GG"
"1","trait1","PZB00018.4","1","275983631","-0.2189","-0.2186","-0.5555","0.1485","0.1484","0.3444","0.3047","CC"
"1","trait1","PZB00018.3","1","275983798","-0.0014","-0.0014","-8e-04","0.0053","0.0053","0","0.0420","TT"
"1","trait1","PZB00178.2","1","275983912","-1.1044","-1.1044","-2.1864","0.4592","0.4592","0.5064","0.2710","GG"
"1","trait1","PZD00039.4","1","276320129","0.0034","0.0034","0.0016","0.0132","0.0132","0","0.0982","CC"
"1","trait1","PZD00039.2","1","276320365","0.3887","0.3887","0.6213","0.22","0.22","0.3525","1.0251","AA"
"1","trait1","PZD00039.3","1","276321097","0.0011","0.0011","4e-04","0.0043","0.0043","0","0.1292","AA"
"1","trait1","PZA01978.23","1","276645374","0.0042","0.0042","0.0021","0.0161","0.0161","0","0.0329","TT"
"1","trait1","PZA02204.1","1","278690966","0.2763","0.2758","0.6084","0.1866","0.1864","0.3564","0.5283","TT"
"1","trait1","PZA00610.15","1","280215046","-0.0017","-0.0017","-8e-04","0.0064","0.0064","0","0.0244","GG"
"1","trait1","PZA00610.9","1","280215196","-5e-04","-5e-04","-2e-04","0.002","0.002","0","0.2284","CC"
"1","trait1","PZA03188.2","1","280719532","1.4888","1.4887","3.3581","0.656","0.656","0.7122","1.9400","AA"
"1","trait1","PZA03188.1","1","280719719","1.7056","1.7056","3.1816","0.7685","0.7685","0.6927","1.3814","CC"
"1","trait1","PZA03188.3","1","280719787","0.0046","0.0046","0.0021","0.0177","0.0177","0","0.6442","AA"
"1","trait1","PZA03188.4","1","280719882","6.3933","6.3933","12.9294","3.7873","3.7873","3.4051","2.2827","CC"
"1","trait1","PZA02957.4","1","281818425","0.0035","0.0035","0.0016","0.0134","0.0134","0","0.1590","TT"
"1","trait1","PZA03020.8","1","282044048","0.0019","0.0019","0.001","0.0072","0.0072","0","0.0490","TT"
"1","trait1","PZA00245.16","1","284407357","-8e-04","-8e-04","-3e-04","0.0029","0.0029","0","0.0263","CC"
"1","trait1","PZA00245.14","1","284407382","-0.0013","-0.0013","-6e-04","0.0049","0.0049","0","0.7999","TT"
"1","trait1","PHM18705.23","1","284564734","-1.2266","-1.2267","-2.3519","0.5482","0.5483","0.5574","1.1346","GG"
"1","trait1","PZB01403.2","1","285273545","-0.0025","-0.0025","-0.0011","0.0096","0.0096","0","0.6221","AA"
"1","trait1","PZB01403.5","1","285273773","-3.8854","-3.8855","-7.7286","0.7358","0.7358","0.6715","0.1093","CC"
"1","trait1","PZB01403.1","1","285273845","1.6515","1.6515","3.0605","0.7837","0.7837","0.7047","0.9174","TT"
"1","trait1","PZB01403.3","1","285273907","-0.8176","-0.818","-1.3867","0.2661","0.2662","0.3745","0.6477","CC"
"1","trait1","PZB01403.4","1","285274032","0.0018","0.0018","0.001","0.0068","0.0068","0","1.9857","GG"
"1","trait1","PZB01400.1","1","285364096","-0.0013","-0.0013","-6e-04","0.0048","0.0048","0","0.1521","TT"
"1","trait1","PZB01400.5","1","285364179","-0.0013","-0.0013","-7e-04","0.0049","0.0049","0","0.0049","GG"
"1","trait1","PZB01400.3","1","285364244","-9e-04","-9e-04","-4e-04","0.0034","0.0034","0","0.3085","TT"
"1","trait1","PZB01400.4","1","285364382","-9e-04","-9e-04","-4e-04","0.0034","0.0034","0","0.3085","GG"
"1","trait1","PZB01400.2","1","285364454","-5.4288e-05","-5.4288e-05","-1.7598e-06","2e-04","2e-04","0","1.4362","GG"
"1","trait1","PZB01394.1","1","285421542","0.0029","0.0029","0.0012","0.0112","0.0112","0","0.8307","CC"
"1","trait1","PZB01394.4","1","285421736","0.002","0.002","0.001","0.0075","0.0075","0","0.0816","AA"
"1","trait1","PZB01394.2","1","285421905","-0.0056","-0.0056","-0.2457","0.0218","0.0218","0.322","0.0194","GG"
"1","trait1","PZA00894.7","1","285891340","-0.0041","-0.0041","-0.0018","0.0159","0.0159","0","0.4393","TT"
"1","trait1","PZA03037.8","1","285977254","-0.0679","-0.0039","-0.0454","0.0657","0.0149","0.3036","0.2793","GG"
"1","trait1","PZA03037.3","1","285977341","-7e-04","-7e-04","-4e-04","0.0026","0.0026","0","0.0617","TT"
"1","trait1","PZA03037.2","1","285977386","0.0028","0.0028","0.0013","0.0107","0.0107","0","0.5502","TT"
"1","trait1","PZB00119.1","1","286269951","-1.9926","-1.9926","-3.9282","0.8972","0.8972","0.8294","0.6563","AA"
"1","trait1","PZB00119.3","1","286270485","-0.0011","-0.0011","-6e-04","0.0043","0.0043","0","0.3199","AA"
"1","trait1","PZB02440.1","1","286271514","2.838","2.838","5.7896","1.0241","1.0241","0.9525","0.6556","GG"
"1","trait1","PZB02513.3","1","286271692","0.0018","0.0018","8e-04","0.0068","0.0068","0","0.3916","TT"
"1","trait1","PZB02513.1","1","286271849","-6e-04","-6e-04","-4e-04","0.0022","0.0022","0","0.3413","AA"
"1","trait1","PZB02513.4","1","286272166","-2.4809","-2.4811","-3.5599","0.6322","0.6322","0.5058","1.3745","GG"
"1","trait1","PZA03305.3","1","286642520","0.0047","0.0047","0.0025","0.0181","0.0181","0","0.0451","GG"
"1","trait1","PZA03305.1","1","286642578","-6e-04","-6e-04","-2e-04","0.0024","0.0024","0","0.3269","GG"
"1","trait1","PZA03305.4","1","286642691","-5.3979","-5.3978","-12.4862","0.7092","0.7092","0.6938","1.0639","CC"
"1","trait1","PZA03305.7","1","286642715","-0.003","-0.003","-0.0015","0.0116","0.0116","0","0.4577","CC"
"1","trait1","PZA03305.5","1","286642725","-0.0022","-0.0022","-0.001","0.0083","0.0083","0","0.0175","GG"
"1","trait1","PZA03305.2","1","286642765","3.1239","3.1238","6.1248","1.5136","1.5136","1.3188","2.1412","AA"
"1","trait1","PZA03076.10","1","287175779","-0.0023","-0.0023","-0.0012","0.0087","0.0087","0","0.6186","AA"
"1","trait1","PZB00901.3","2","9401316","-1.8718e-06","-1.8717e-06","1e-04","7.067e-06","7.0668e-06","0","0.2498","AA"
"1","trait1","PZB00901.5","2","9401336","0.0732","0.0584","0.0025","0.0843","0.0746","0","0.2395","TT"
"1","trait1","PZA02272.3","2","9917183","-0.1446","-0.1436","-0.0025","0.1207","0.1202","0","0.3528","AA"
"1","trait1","PZA00620.3","2","10429405","0.0016","0.0016","8e-04","0.0059","0.0059","0","0.6429","TT"
"1","trait1","PZA00620.2","2","10429605","0.0045","0.0045","0.0023","0.0173","0.0173","0","0.5321","AA"
"1","trait1","PZA00176.8","2","10533421","-0.0047","-0.0047","-0.0023","0.0179","0.0179","0","0.8138","GG"
"1","trait1","PZA03336.3","2","11193471","0.2106","0.207","0.6909","0.1451","0.1437","0.3559","0.4017","AA"
"1","trait1","PZA00259.1","2","11678938","-5e-04","-5e-04","-3e-04","0.0019","0.0019","0","0.0378","CC"
"1","trait1","PZA00008.1","2","11924901","-0.002","-0.002","-9e-04","0.0076","0.0076","0","0.2380","GG"
"1","trait1","PZB00219.1","2","12543294","1.1772","1.1772","2.285","0.5157","0.5157","0.5378","0.6189","CC"
"1","trait1","PZB00219.3","2","12543497","2e-04","2e-04","1e-04","8e-04","8e-04","0","1.4522","AA"
"1","trait1","PZB00219.2","2","12543545","-1.6826","-1.6747","-3.781","0.4066","0.4054","0.496","0.1228","CC"
"1","trait1","zfl2.3","2","12544637","0.6828","0.6835","1.3764","0.3509","0.3511","0.4418","0.9569","GG"
"1","trait1","zfl2.9","2","12544790","-0.0036","-0.0036","-0.0016","0.0137","0.0137","0","0.5513","CC"
"1","trait1","PZA03136.4","2","13199808","3e-04","3e-04","1e-04","0.0012","0.0012","0","0.1039","GG"
"1","trait1","PZA03210.1","2","13242487","-3.2548","-3.2549","-6.5286","1.0735","1.0735","0.9675","1.8913","GG"
"1","trait1","PZA00108.12","2","13779884","1.4341","1.4342","2.3197","0.4631","0.4632","0.4606","1.6162","CC"
"1","trait1","PZA00108.4","2","13779970","-0.0041","-0.0041","-0.0018","0.0159","0.0159","0","1.1775","AA"
"1","trait1","PZA01753.1","2","14751136","0.001","0.001","8e-04","0.0037","0.0037","0","0.0823","CC"
"1","trait1","PZA03559.2","2","15810122","1e-04","1e-04","3e-04","5e-04","5e-04","0","0.2384","GG"
"1","trait1","PZA03559.1","2","15810363","4.4061","4.4061","8.8515","2.8723","2.8723","2.5654","2.9855","CC"
"1","trait1","PZA00459.5","2","17015152","-2.0917","-2.0917","-4.0979","1.0286","1.0286","0.925","0.5486","TT"
"1","trait1","PZA02814.2","2","17268906","0.003","0.003","0.0015","0.0116","0.0116","0","0.5463","CC"
"1","trait1","PZA03442.1","2","18125201","0.0014","0.0014","8e-04","0.0052","0.0052","0","0.3147","GG"
"1","trait1","PZA00497.4","2","19837491","-8e-04","-8e-04","-5e-04","0.0029","0.0029","0","0.8601","GG"
"1","trait1","PZA00497.1","2","19837545","1.5506","1.5507","3.2786","0.6562","0.6562","0.6762","0.8618","TT"
"1","trait1","PZA03228.2","2","20042233","-0.0013","-0.0013","-7e-04","0.005","0.005","0","0.3516","GG"
"1","trait1","PZA03228.3","2","20042386","0.6523","0.6525","0.567","0.2168","0.2168","0.3258","0.6461","CC"
"1","trait1","PZA03228.4","2","20042412","0.0016","0.0016","9e-04","0.0062","0.0062","0","0.2182","TT"
"1","trait1","PZB00793.1","2","20722170","0.0042","0.0042","0.002","0.0163","0.0163","0","0.1016","GG"
"1","trait1","PZB00793.2","2","20722655","0.0016","0.0016","7e-04","0.0061","0.0061","0","0.0302","AA"
"1","trait1","PZB02020.3","2","20954147","1e-04","1e-04","1e-04","4e-04","4e-04","0","0.9954","CC"
"1","trait1","PZB02020.2","2","20954874","-6e-04","-6e-04","-2e-04","0.0024","0.0024","0","0.4568","AA"
"1","trait1","PZB02017.1","2","20958246","7e-04","7e-04","3e-04","0.0025","0.0025","0","0.2846","TT"
"1","trait1","PZB02017.2","2","20958307","-0.0013","-0.0013","-9e-04","0.005","0.005","0","0.2356","TT"
"1","trait1","PZB02017.5","2","20958456","2e-04","2e-04","3e-04","9e-04","9e-04","0","0.0722","GG"
"1","trait1","PZB02017.4","2","20958530","-3.0775","-3.0778","-6.3234","0.4429","0.443","0.4893","0.4762","GG"
"1","trait1","PZB02017.3","2","20958616","0.0034","0.0034","0.0015","0.013","0.013","0","0.9611","CC"
"1","trait1","PZA00349.3","2","21201165","-1.416e-05","-1.416e-05","1e-04","5.3404e-05","5.3403e-05","0","0.3319","TT"
"1","trait1","PZA03635.1","2","21202350","7e-04","7e-04","3e-04","0.0025","0.0025","0","0.2846","TT"
"1","trait1","PZA03634.2","2","21203177","0.002","0.002","1.7244","0.0076","0.0076","0.3601","0.4600","GG"
"1","trait1","PZA03634.1","2","21203230","0.0042","0.0042","0.0019","0.0162","0.0162","0","0.9589","GG"
"1","trait1","PZA03633.1","2","21203782","-2.9579","-2.958","-6.6672","0.3697","0.3697","0.4587","0.5174","GG"
"1","trait1","PZA00590.1","2","21991242","0.0839","0.0912","0.0023","0.0845","0.0884","0","0.2369","TT"
"1","trait1","PZA01879.1","2","22196255","6e-04","6e-04","2e-04","0.0021","0.0021","0","0.0182","GG"
"1","trait1","PZA00471.2","2","22429044","0.0028","0.0028","0.0013","0.0107","0.0107","0","0.5281","AA"
"1","trait1","PZA00471.1","2","22429119","0.0018","0.0018","9e-04","0.007","0.007","0","0.5016","GG"
"1","trait1","PZA03350.1","2","22805046","-0.001","-0.001","-4e-04","0.0037","0.0037","0","1.3706","CC"
"1","trait1","PZD00022.1","2","233129138","7e-04","7e-04","4e-04","0.0027","0.0027","0","0.2855","TT"
"1","trait1","PZA03576.4","2","233873436","-1.1739","-1.1713","-1.5335","0.3571","0.3566","0.385","0.5661","GG"
"1","trait1","PZA03576.1","2","233873786","-0.5664","-0.5677","-1.083","0.2992","0.2996","0.4042","1.3591","TT"
"1","trait1","PZA03576.3","2","233874044","-5.1088","-5.1089","-10.3698","1.2788","1.2788","1.1405","0.5581","GG"
"1","trait1","PZA03577.2","2","233876178","-3.2733","-3.2733","-6.2422","1.1984","1.1984","1.0123","1.7304","GG"
"1","trait1","PZA03577.1","2","233876337","0.0016","0.0016","8e-04","0.0062","0.0062","0","0.5484","TT"
"1","trait1","PZA03321.1","2","234574846","0.0043","0.0043","0.002","0.0165","0.0165","0","0.7820","CC"
"1","trait1","PZA03321.4","2","234574991","-0.0025","-0.0025","-0.0013","0.0096","0.0096","0","1.2483","GG"
"1","trait1","PZA00309.1","3","1240310","5e-04","5e-04","2e-04","0.002","0.002","0","0.4033","AA"
"1","trait1","PZD00003.3","3","161572823","-0.0033","-0.0033","-0.0017","0.0126","0.0126","0","0.1613","TT"
"1","trait1","PZB01892.1","3","161573186","-6.8248","-6.8248","-13.6318","2.0039","2.0039","1.7271","0.2977","GG"
"1","trait1","PZB01856.4","3","162186725","-4e-04","-4e-04","-2e-04","0.0015","0.0015","0","0.0099","AA"
"1","trait1","PZB01856.1","3","162186937","-0.891","-0.891","-1.9963","0.437","0.437","0.5269","1.1112","GG"
"1","trait1","PZB01856.2","3","162187057","-0.0014","-0.0014","-6e-04","0.0054","0.0054","0","0.0612","CC"
"1","trait1","PZB01856.3","3","162187230","2e-04","2e-04","1e-04","8e-04","8e-04","0","1.4522","CC"
"1","trait1","PZD00006.1","3","163615279","-0.0891","-0.0632","-0.002","0.0818","0.068","0","0.1793","GG"
"1","trait1","PZD00008.3","3","163617500","-2.5846","-2.5846","-4.917","0.9189","0.9189","0.817","1.0358","GG"
"1","trait1","te1.4","3","163617645","8e-04","8e-04","6e-04","0.0029","0.0029","0","0.1027","GG"
"1","trait1","te1.3","3","163617892","0.001","0.001","5e-04","0.0036","0.0036","0","0.7906","GG"
"1","trait1","te1.1","3","163618301","-1.3668","-1.3668","-2.9811","0.582","0.582","0.6366","0.6569","CC"
"1","trait1","PZD00007.1","3","163618708","0.0013","0.0013","7e-04","0.0049","0.0049","0","0.2921","AA"
"1","trait1","PZA01396.1","3","164833462","-0.0015","-0.0015","-7e-04","0.0056","0.0056","0","0.7375","GG"
"1","trait1","PZA00186.2","3","165800369","-0.0018","-0.0018","-7e-04","0.007","0.007","0","0.2493","AA"
"1","trait1","PHM2885.31","3","165901548","-0.0016","-0.0016","-8e-04","0.0061","0.0061","0","0.3302","GG"
"1","trait1","PZB01933.1","3","167581102","-0.396","-0.3959","-1.2352","0.2243","0.2243","0.4138","0.1970","CC"
"1","trait1","PZB01933.2","3","167581373","-0.0023","-0.0023","-0.001","0.0088","0.0088","0","0.1643","CC"
"1","trait1","PHM1959.26","3","168443563","0.0035","0.0035","0.0017","0.0134","0.0134","0","0.0241","CC"
"1","trait1","PZA03073.28","3","168443662","-0.002","-0.002","-0.001","0.0077","0.0077","0","0.2354","CC"
"1","trait1","PZA03073.23","3","168443677","-0.002","-0.002","-9e-04","0.0078","0.0078","0","0.3981","CC"
"1","trait1","PZA03073.24","3","168443701","8e-04","8e-04","4e-04","0.0031","0.0031","0","0.0553","TT"
"1","trait1","PZA03073.25","3","168443704","0.0031","0.0031","0.0016","0.0118","0.0118","0","0.1217","AA"
"1","trait1","PZD00040.2","3","168689468","0.0019","0.0019","0.001","0.0073","0.0073","0","0.1850","GG"
"1","trait1","PZD00040.3","3","168689563","7.5817","7.5817","15.286","1.736","1.736","1.4778","0.8952","TT"
"1","trait1","PZD00027.5","3","169756987","-5e-04","-5e-04","-2e-04","0.0019","0.0019","0","0.4791","CC"
"1","trait1","PZD00027.1","3","169757113","3.4505","3.4505","6.9413","1.7477","1.7477","1.5675","2.4327","CC"
"1","trait1","PZD00027.2","3","169757331","3e-04","3e-04","2e-04","0.0012","0.0012","0","0.2171","TT"
"1","trait1","PZD00027.3","3","169757661","3.1586","3.1585","6.0155","0.6981","0.6981","0.6475","0.8714","CC"
"1","trait1","PZA02402.1","3","169771952","-0.5745","-0.5758","-1.4128","0.2707","0.2711","0.4183","1.3746","CC"
"1","trait1","PZA03032.17","3","171364486","3e-04","3e-04","3e-04","0.0013","0.0013","0","0.6120","CC"
"1","trait1","PZA03032.16","3","171364514","-1.868","-1.868","-3.702","0.9187","0.9187","0.8485","0.0384","AA"
"1","trait1","PZA03032.19","3","171364540","-7e-04","-7e-04","-3e-04","0.0028","0.0028","0","0.7377","CC"
"1","trait1","PZA00783.1","3","171821889","-0.4956","-0.4956","-1.1584","0.2398","0.2398","0.3909","0.5610","TT"
"1","trait1","PZA00166.3","3","171935683","0.0011","0.0011","7e-04","0.0041","0.0041","0","0.5616","TT"
"1","trait1","PZA00166.1","3","171935933","2.275","2.275","4.7338","1.0615","1.0615","1.0184","1.9669","GG"
"1","trait1","PZA02212.1","3","174550727","0.0024","0.0024","0.001","0.0092","0.0092","0","0.0929","GG"
"1","trait1","lg2.1","3","175051278","0.3005","0.3045","0.9223","0.1731","0.1744","0.371","0.1595","GG"
"1","trait1","lg2.2","3","175051298","1.7726","1.7726","3.5702","0.6682","0.6682","0.664","0.1472","GG"
"1","trait1","PZB01473.3","3","175051721","1.042","1.042","2.7502","0.3377","0.3377","0.4826","0.0665","GG"
"1","trait1","lg2.11","3","175051864","5e-04","5e-04","2e-04","0.0019","0.0019","0","0.9677","CC"
"1","trait1","lg2.12","3","175051925","0.0032","0.0032","0.0017","0.0123","0.0123","0","0.1485","CC"
"1","trait1","PHM17210.5","3","178229653","-3.5241","-3.5241","-6.7908","1.5602","1.5602","1.3367","3.1685","CC"
"1","trait1","PZA01962.12","3","178229838","-0.0022","-0.0022","-0.0012","0.0084","0.0084","0","1.3527","AA"
"1","trait1","PZB01919.3","3","178234746","2e-04","2e-04","1e-04","8e-04","8e-04","0","1.4522","TT"
"1","trait1","PZB01919.2","3","178234880","-0.0011","-0.0011","-5e-04","0.0043","0.0043","0","0.2396","CC"
"1","trait1","PZB01919.1","3","178235128","-0.9534","-0.9535","-1.9904","0.41","0.41","0.4882","1.9500","TT"
"1","trait1","PZA00701.6","3","179517651","-6e-04","-6e-04","-2e-04","0.0024","0.0024","0","0.2538","TT"
"1","trait1","PZA03359.1","3","179903397","2e-04","2e-04","-7.5786e-05","9e-04","9e-04","0","0.4129","CC"
"1","trait1","PZA03359.2","3","179903483","2.7407","2.7408","5.2121","0.593","0.593","0.573","0.9397","CC"
"1","trait1","PZA03359.3","3","179903740","0.6974","0.6974","1.1358","0.2229","0.2229","0.3539","1.3422","CC"
"1","trait1","PZA00482.10","3","180294773","-0.5939","-0.5939","-0.9372","0.3161","0.3161","0.3907","0.3923","TT"
"1","trait1","PHM1675.29","3","180341088","4e-04","4e-04","7.3376e-05","0.0017","0.0017","0","0.0548","AA"
"1","trait1","PZA00107.18","3","180341137","0.0013","0.0013","6e-04","0.005","0.005","0","0.6974","GG"
"1","trait1","PZA00107.4","3","180341381","0.002","0.002","8e-04","0.0075","0.0075","0","0.5577","TT"
"1","trait1","PZA03733.2","3","180532130","0.0022","0.0022","0.0011","0.0083","0.0083","0","0.1391","TT"
"1","trait1","PZA03733.1","3","180532218","9e-04","9e-04","5e-04","0.0034","0.0034","0","0.0775","CC"
"1","trait1","PZA03734.2","3","180532745","4.6312","4.6312","9.4528","0.8457","0.8457","0.7782","2.1182","TT"
"1","trait1","PZA03734.3","3","180532956","-4.8944","-4.895","-9.0179","0.5507","0.5507","0.514","0.6234","CC"
"1","trait1","PZA03735.2","3","180533322","-0.8972","-0.8969","-1.9427","0.1669","0.1668","0.3439","0.9974","GG"
"1","trait1","PZA03735.1","3","180533618","3e-04","3e-04","2e-04","0.0012","0.0012","0","0.0141","GG"
"1","trait1","ba1.9","3","181362666","1.6193","1.6189","1.1356","0.2051","0.205","0.3183","4.3721","GG"
"1","trait1","ba1.8","3","181362717","-0.001","-0.001","-4e-04","0.0038","0.0038","0","1.3840","GG"
"1","trait1","ba1.7","3","181362781","-0.0019","-0.0016","-6e-04","0.0066","0.006","0","0.1546","CC"
"1","trait1","ba1.6","3","181362952","7e-04","7e-04","3e-04","0.0027","0.0027","0","2.1822","GG"
"1","trait1","ba1.5","3","181363034","-0.0012","-0.0026","-5e-04","0.0045","0.0067","0","2.8904","TT"
"1","trait1","PZA00099.6","3","184718109","0.0023","0.0023","0.0011","0.0089","0.0089","0","0.1893","GG"
"1","trait1","PZA03191.1","3","185290073","0.0044","0.0044","0.0021","0.0171","0.0171","0","1.3500","TT"
"1","trait1","PZA03191.2","3","185290132","0.0034","0.0034","0.0016","0.0129","0.0129","0","0.7584","TT"
"1","trait1","PZA03191.3","3","185290309","-2.9804e-05","-2.9804e-05","3.4407e-05","1e-04","1e-04","0","0.4410","CC"
"1","trait1","zb27.1","3","185290956","-0.0021","-0.0021","-0.001","0.008","0.008","0","0.5408","GG"
"1","trait1","PZA03649.1","3","185316030","-6e-04","-6e-04","-2e-04","0.0025","0.0025","0","0.4561","AA"
"1","trait1","PZA03648.2","3","185317151","3.3736","3.3736","6.9552","1.4568","1.4568","1.364","1.6407","CC"
"1","trait1","PZA03648.3","3","185317395","-1.3073","-1.3072","-2.2602","0.4158","0.4157","0.4504","0.1442","CC"
"1","trait1","PZA03648.1","3","185317458","-0.9305","-0.9305","-1.6902","0.4022","0.4022","0.4533","0.6461","AA"
"1","trait1","PZA03647.3","3","185318086","4.0387","4.0387","8.3142","1.7592","1.7592","1.6349","1.1968","TT"
"1","trait1","PZA03647.1","3","185318330","0.0021","0.0021","0.0011","0.0082","0.0082","0","0.5274","CC"
"1","trait1","PZA00702.5","3","185760526","0.0027","0.0027","0.0013","0.0104","0.0104","0","0.1165","GG"
"1","trait1","PZA00586.1","3","185989508","0.0014","0.0014","8e-04","0.0053","0.0053","0","0.0440","CC"
"1","trait1","PZB00628.3","3","186186953","-0.0028","-0.0028","-0.0012","0.0105","0.0105","0","0.8316","AA"
"1","trait1","PZB01052.4","3","186580149","0.0044","0.0044","0.0021","0.017","0.017","0","0.3488","TT"
"1","trait1","PZB01052.3","3","186580208","0.0563","0.0321","0.0021","0.0641","0.0476","0","0.4630","GG"
"1","trait1","PZB01052.2","3","186580210","-0.0042","-0.0042","-0.1636","0.016","0.016","0.3116","0.2930","GG"
"1","trait1","PZB01052.1","3","186580250","0.0041","0.0041","0.0019","0.0159","0.0159","0","0.4639","GG"
"1","trait1","PZA00303.19","3","187604432","0.4952","0.4952","1.073","0.258","0.258","0.3945","0.9083","TT"
"1","trait1","PZA00303.6","3","187604478","6e-04","6e-04","2e-04","0.0022","0.0022","0","0.4171","TT"
"1","trait1","PZA00618.21","3","189138003","0.0014","0.0014","7e-04","0.0055","0.0055","0","0.3985","CC"
"1","trait1","PZA00236.7","3","189437413","4.1082","4.1081","8.538","1.3774","1.3774","1.2716","0.4033","CC"
"1","trait1","PZA01228.2","3","189861328","1.2694","1.2706","2.0274","0.424","0.4242","0.4401","0.0041","TT"
"1","trait1","PZA03743.1","3","191863818","-0.4188","-0.4188","-0.9265","0.2131","0.2131","0.3707","0.5879","GG"
"1","trait1","PZA03744.1","3","191864249","-0.0026","-0.0026","-0.0014","0.01","0.01","0","0.5034","CC"
"1","trait1","PHM13673.53","3","192236275","0.9783","0.9783","1.9824","0.4345","0.4345","0.4978","1.3984","GG"
"1","trait1","PZB01223.1","3","192865017","0.0016","0.0016","7e-04","0.006","0.006","0","2.6514","CC"
"1","trait1","PZB01223.3","3","192865132","-0.0029","-0.0029","-0.0012","0.0113","0.0113","0","0.1683","CC"
"1","trait1","PZB01223.2","3","192865246","-0.0021","-0.0021","-0.001","0.0079","0.0079","0","0.1599","CC"
"1","trait1","PZA03255.1","3","193565357","-0.0031","-0.0031","-0.0015","0.012","0.012","0","0.2348","CC"
"1","trait1","PZA03255.3","3","193565631","-2e-04","-2e-04","-2e-04","7e-04","7e-04","0","0.0134","TT"
"1","trait1","PZA03255.4","3","193565736","-1e-04","-1e-04","-1e-04","5e-04","5e-04","0","0.0147","CC"
"1","trait1","PZB02516.2","3","193566873","0.0033","0.0033","0.0017","0.0128","0.0128","0","0.0112","CC"
"1","trait1","PZB02516.3","3","193566974","-7e-04","-7e-04","-4e-04","0.0027","0.0027","0","0.6150","CC"
"1","trait1","PZB02516.1","3","193567255","-0.0039","-0.0039","-0.002","0.0151","0.0151","0","0.1451","TT"
"1","trait1","PZA03109.3","4","2638771","-0.374","-0.3738","-0.001","0.1295","0.1295","0","1.1666","CC"
"1","trait1","PZA03109.2","4","2638925","-8e-04","-8e-04","-3e-04","0.0028","0.0028","0","0.2727","CC"
"1","trait1","PZA03109.1","4","2639015","-0.0011","-0.0011","-4e-04","0.0043","0.0043","0","0.3395","CC"
"1","trait1","PZA03106.1","4","2846701","-0.001","-0.001","-4e-04","0.0037","0.0037","0","0.1326","CC"
"1","trait1","PZA03107.1","4","2851075","0.0023","0.0023","0.0013","0.0088","0.0088","0","0.0199","TT"
"1","trait1","PZA00700.1","4","2852707","0.0034","0.0034","0.0018","0.013","0.013","0","0.9219","GG"
"1","trait1","PZA00700.3","4","2852810","-0.0016","-0.0016","-8e-04","0.0059","0.0059","0","0.7116","GG"
"1","trait1","PHM2438.28","4","3548007","-8e-04","-8e-04","-3e-04","0.0029","0.0029","0","0.1024","GG"
"1","trait1","PZA03227.1","4","3895352","-0.0021","-0.0021","-0.001","0.0078","0.0078","0","0.7533","TT"
"1","trait1","PZA03227.2","4","3895510","-0.0011","-0.0011","-6e-04","0.0043","0.0043","0","0.0066","TT"
"1","trait1","PZA00371.5","4","4867968","0.0049","0.0049","0.0025","0.0188","0.0188","0","0.0976","TT"
"1","trait1","PZB02080.2","4","4980478","-4e-04","-4e-04","-2e-04","0.0015","0.0015","0","1.4078","GG"
"1","trait1","PZB02080.1","4","4980568","-2.2254","-2.2254","-4.4407","0.8549","0.8549","0.7921","2.4356","GG"
"1","trait1","PZA00436.7","4","6401332","-0.0045","-0.0045","-0.0021","0.0172","0.0172","0","0.1274","CC"
"1","trait1","PZA00683.1","4","6612098","0.002","0.002","0.001","0.0077","0.0077","0","0.0389","CC"
"1","trait1","PZA00683.2","4","6612185","-0.4129","-0.4129","-0.8369","0.2133","0.2133","0.364","0.6355","AA"
"1","trait1","PZA02358.1","4","11329241","-0.0014","-0.0014","-6e-04","0.0054","0.0054","0","0.2385","AA"
"1","trait1","PZA02138.1","4","11856246","2e-04","2e-04","9.027e-05","8e-04","8e-04","0","0.0771","TT"
"1","trait1","PZA01122.1","4","12618115","-0.002","-0.002","-0.001","0.0074","0.0074","0","0.6643","CC"
"1","trait1","PZA00078.4","4","18502089","-0.002","-0.002","-0.001","0.0078","0.0078","0","0.0828","AA"
"1","trait1","PZA00078.2","4","18502179","1.9614","1.9614","4.0987","0.877","0.877","0.8592","0.5517","CC"
"1","trait1","PZA00139.4","4","20064925","2.6398","2.6398","5.6943","1.2641","1.2641","1.2451","0.0732","CC"
"1","trait1","PZA00139.14","4","20065054","1.1349","1.135","2.1563","0.2666","0.2666","0.3812","0.3604","AA"
"1","trait1","PZA01422.3","4","24475394","-1e-04","-1e-04","-6.5165e-06","5e-04","5e-04","0","0.0948","CC"
"1","trait1","PZA00644.11","4","25192009","0.0028","0.0028","0.0013","0.0106","0.0106","0","0.5350","CC"
"1","trait1","PZA00488.1","4","28192994","-1.1465","-1.1528","-4e-04","0.1592","0.1597","0","1.7143","GG"
"1","trait1","PZB01619.2","4","29030873","0.0034","0.0034","0.0019","0.0131","0.0131","0","0.1836","CC"
"1","trait1","PZA02457.1","4","29031200","0.002","0.002","0.0012","0.0074","0.0074","0","0.3703","GG"
"1","trait1","PZA03643.2","4","29209179","0.0991","0.0034","0.7149","0.0745","0.0129","0.3371","0.2268","CC"
"1","trait1","PZA03643.1","4","29209351","0.0015","0.0015","8e-04","0.0058","0.0058","0","0.2159","CC"
"1","trait1","PZA03693.1","4","29209539","1.4981","1.4992","3.2142","0.3455","0.3457","0.4469","0.2776","GG"
"1","trait1","PZA03043.8","4","32099560","1.3912","1.3917","2.7266","0.5782","0.5783","0.588","0.2837","TT"
"1","trait1","PZA03043.14","4","32099732","0.8637","0.8637","1.7186","0.3821","0.3821","0.4596","0.1320","AA"
"1","trait1","PZA02705.1","4","33860915","-3e-04","-3e-04","-1e-04","0.0011","0.0011","0","0.1804","CC"
"1","trait1","PHM15427.11","4","33862684","-0.004","-0.004","-0.0018","0.0152","0.0152","0","0.5040","CC"
"1","trait1","PHM13623.14","4","35051574","0.0012","0.0012","5e-04","0.0045","0.0045","0","0.1330","TT"
"1","trait1","PZA01106.3","4","35051622","-0.0021","-0.0021","-0.001","0.008","0.008","0","0.0317","TT"
"1","trait1","PZA01713.4","4","35384247","-0.0024","-0.0024","-0.0011","0.0092","0.0092","0","1.0636","CC"
"1","trait1","PZA03247.1","4","35769506","-0.0023","-0.0023","-9e-04","0.0086","0.0086","0","0.1023","CC"
"1","trait1","PZA03247.3","4","35769858","5e-04","5e-04","3e-04","0.0018","0.0018","0","1.8395","CC"
"1","trait1","PZA00125.2","4","36047409","-0.9996","-0.9996","-1.8713","0.457","0.457","0.4925","0.2913","GG"
"1","trait1","PZA00125.8","4","36047549","0.0018","0.0018","0.0011","0.0069","0.0069","0","0.2709","AA"
"1","trait1","PZA03385.1","4","37067373","-1.587","-1.587","-3.2414","0.6764","0.6764","0.6761","0.3962","TT"
"1","trait1","PZA03385.2","4","37067501","-1.7178","-1.7178","-3.5335","0.6922","0.6922","0.69","0.2746","AA"
"1","trait1","PZA01751.2","4","37185517","0.0041","0.0041","0.002","0.0156","0.0156","0","0.2135","TT"
"1","trait1","PZA02462.1","5","6820571","0.9073","0.9074","1.5333","0.4475","0.4475","0.4644","1.3105","AA"
"1","trait1","PZB00081.4","5","6960673","1.0077","1.0082","2.2305","0.4296","0.4297","0.5171","1.1097","GG"
"1","trait1","PZB00081.2","5","6960836","-2.4444","-2.4445","-5.0563","1.0402","1.0403","0.9922","2.0899","TT"
"1","trait1","PZB00081.3","5","6961461","1.6006","1.6006","2.4986","0.4774","0.4774","0.4608","1.2036","CC"
"1","trait1","PZB00081.5","5","6961472","0.0029","0.0029","0.0012","0.0109","0.0109","0","0.7456","AA"
"1","trait1","PZB00045.3","5","7082937","-1.5622","-1.5621","-3.3113","0.4292","0.4292","0.4932","0.5441","CC"
"1","trait1","PZB00045.2","5","7082974","0.0011","0.0011","7e-04","0.004","0.004","0","0.3571","CC"
"1","trait1","PZB00054.3","5","7086096","-0.0016","-0.0016","-7e-04","0.006","0.006","0","0.8715","GG"
"1","trait1","PZB00102.1","5","7086922","9e-04","9e-04","3e-04","0.0032","0.0032","0","0.3103","CC"
"1","trait1","PZB00102.2","5","7087084","-9e-04","-9e-04","-5e-04","0.0033","0.0033","0","0.2887","TT"
"1","trait1","PZB02107.1","5","7087183","-1e-04","-1e-04","-2e-04","4e-04","4e-04","0","0.1035","CC"
"1","trait1","PZA03584.1","5","7103451","-1.8125","-1.8092","-3.6417","0.7384","0.7374","0.7139","0.6384","TT"
"1","trait1","PZA03584.2","5","7103536","-2.5526","-2.5527","-4.3565","0.432","0.432","0.4493","0.1300","GG"
"1","trait1","PZA02753.1","5","7216587","-1.5562","-1.5563","-3.0013","0.7546","0.7547","0.7058","0.5084","TT"
"1","trait1","PZA03303.7","5","7648691","-8e-04","-8e-04","-3e-04","0.003","0.003","0","0.9513","GG"
"1","trait1","PZA03303.3","5","7648721","0.6311","0.6311","0.725","0.2057","0.2057","0.3331","0.8040","GG"
"1","trait1","PZA03303.6","5","7648847","-2.27","-2.2698","-4.2945","0.8049","0.8049","0.7276","0.6361","GG"
"1","trait1","PZB01993.2","5","7831264","-1.2346","-1.2347","-2.6172","0.5625","0.5625","0.6057","0.6284","CC"
"1","trait1","PZB01993.5","5","7831417","2e-04","2e-04","1e-04","8e-04","8e-04","0","1.4522","GG"
"1","trait1","PZB01993.3","5","7831723","0.0022","0.0022","0.0011","0.0082","0.0082","0","0.0461","GG"
"1","trait1","PZB00094.1","5","7946002","0.0389","0.0443","0.0026","0.0613","0.0658","0","0.7406","CC"
"1","trait1","PZA01925.1","5","8598835","-0.3043","-0.3031","-0.9758","0.181","0.1805","0.3805","0.9336","GG"
"1","trait1","PZA00865.1","5","9279776","6.4401e-05","6.4401e-05","1e-04","2e-04","2e-04","0","0.3482","GG"
"1","trait1","PZA00281.1","5","9965510","0.0021","0.0021","0.0011","0.008","0.008","0","0.1801","GG"
"1","trait1","PZA00281.13","5","9965534","-0.4182","-0.4182","-0.7909","0.1939","0.1939","0.3509","0.3822","GG"
"1","trait1","PZB00182.3","5","10055221","-0.003","-0.003","-0.0015","0.0114","0.0114","0","0.2606","AA"
"1","trait1","PZB00188.2","5","10055420","0.0013","0.0013","8e-04","0.005","0.005","0","0.1324","AA"
"1","trait1","PZB00188.1","5","10055423","-0.0037","-0.0037","-0.0017","0.0141","0.0141","0","0.2919","TT"
"1","trait1","PZB00069.1","5","10058612","0.003","0.003","0.0015","0.0116","0.0116","0","0.0630","GG"
"1","trait1","PZA03244.3","5","10752336","-3e-04","-3e-04","-1e-04","0.0011","0.0011","0","0.8314","TT"
"1","trait1","PZA03244.5","5","10752397","-3e-04","-3e-04","-1e-04","0.0011","0.0011","0","0.8314","CC"
"1","trait1","PZA03244.1","5","10752476","-0.0028","-0.0028","-0.0012","0.0107","0.0107","0","0.0589","GG"
"1","trait1","PZA03244.6","5","10752728","-0.0014","-0.0014","-8e-04","0.0052","0.0052","0","0.4670","CC"
"1","trait1","PZA03244.2","5","10752817","2e-04","2e-04","1e-04","8e-04","8e-04","0","1.4522","CC"
"1","trait1","PZA03244.4","5","10752928","-0.0031","-0.0031","-0.0013","0.0117","0.0117","0","0.5063","AA"
"1","trait1","PZB00079.2","5","11737498","0.005","0.005","0.0027","0.0194","0.0194","0","0.3053","GG"
"1","trait1","PZB00079.4","5","11737636","0.0022","0.0022","0.001","0.0084","0.0084","0","0.0112","AA"
"1","trait1","PZB00079.3","5","11737747","2.8221","2.822","5.9824","1.2972","1.2972","1.2448","0.7180","GG"
"1","trait1","PZB01479.1","5","11738957","0.001","0.001","7e-04","0.0039","0.0039","0","0.0435","CC"
"1","trait1","PZA03678.1","5","11904119","-0.0038","-0.0038","-0.0019","0.0144","0.0144","0","0.0755","TT"
"1","trait1","PZA03092.7","5","11992708","9e-04","9e-04","5e-04","0.0033","0.0033","0","0.1119","CC"
"1","trait1","PZB01642.1","5","12337501","-6.9686e-05","-6.9686e-05","-2.5489e-05","3e-04","3e-04","0","0.0819","CC"
"1","trait1","PZB01642.2","5","12338040","0.0016","0.0016","8e-04","0.0061","0.0061","0","0.1025","GG"
"1","trait1","PZA00004.2","5","13542371","-2.0044","-2.0045","-3.7608","0.8232","0.8232","0.7331","1.9079","TT"
"1","trait1","PZA00112.3","5","13664532","0.0045","0.0045","0.0021","0.0172","0.0172","0","0.1871","TT"
"1","trait1","PZA00112.4","5","13664643","0.0013","0.0013","7e-04","0.0051","0.0051","0","0.5588","AA"
"1","trait1","PZA00112.5","5","13664679","-6.3037","-6.3037","-12.5698","2.4359","2.4359","2.1365","2.2720","AA"
"1","trait1","PZA00985.1","5","13981667","0.0023","0.0023","0.0013","0.0086","0.0086","0","0.3539","GG"
"1","trait1","PZA01327.1","5","15056528","0.0026","0.0026","0.0014","0.0099","0.0099","0","0.3567","GG"
"1","trait1","PZA01523.1","5","16208240","4e-04","4e-04","1e-04","0.0014","0.0014","0","0.0036","AA"
"1","trait1","PZA03371.2","5","17231557","-0.003","-0.003","-0.0015","0.0113","0.0113","0","0.5540","CC"
"1","trait1","PZA03371.1","5","17231824","-2e-04","-2e-04","3.5916e-05","7e-04","7e-04","0","0.0417","TT"
"1","trait1","PZA03371.3","5","17232075","-0.0011","-0.0011","-3e-04","0.0042","0.0042","0","0.4555","GG"
"1","trait1","PZA00247.5","5","18038315","-1.4067","-1.4067","-3.1149","0.5128","0.5128","0.583","0.2586","CC"
"1","trait1","PZA00517.6","5","18240488","-0.002","-0.002","-9e-04","0.0076","0.0076","0","0.1271","AA"
"1","trait1","PZA00517.4","5","18240536","1.074","1.074","2.3584","0.4277","0.4277","0.5114","0.0193","TT"
"1","trait1","PZB00223.1","5","19973068","0.0018","0.0018","9e-04","0.0068","0.0068","0","0.1147","TT"
"1","trait1","PZB00223.2","5","19973210","-2e-04","-2e-04","1.6865e-05","7e-04","7e-04","0","0.3742","CC"
"1","trait1","PZB00223.3","5","19973330","-0.0018","-0.0018","-9e-04","0.0068","0.0068","0","0.2897","CC"
"1","trait1","PZA03226.2","5","20089671","0.001","0.001","3e-04","0.0036","0.0036","0","0.5844","TT"
"1","trait1","PZA03226.3","5","20089946","9e-04","9e-04","6e-04","0.0035","0.0035","0","0.1222","CC"
"1","trait1","PZA03340.1","5","20200927","0.0032","0.0032","0.0016","0.0122","0.0122","0","0.2712","AA"
"1","trait1","PZA03340.3","5","20200987","1.4046","1.4046","2.5685","0.4413","0.4413","0.4779","0.0525","TT"
"1","trait1","PZA03340.2","5","20201009","0.0047","0.0047","0.0022","0.0179","0.0179","0","0.3252","GG"
"1","trait1","PZA02792.26","5","21770965","-0.001","-0.001","-4e-04","0.0038","0.0038","0","0.0247","AA"
"1","trait1","PZA02792.25","5","21771015","-0.0015","-0.0015","-7e-04","0.0056","0.0056","0","0.0043","CC"
"1","trait1","PZA02792.18","5","21771204","-0.0034","-0.0034","-0.0016","0.0128","0.0128","0","0.2574","GG"
"1","trait1","PZA02792.16","5","21771297","-0.0015","-0.0015","-6e-04","0.0056","0.0056","0","0.1452","CC"
"1","trait1","PZA02792.9","5","21771433","-0.0037","-0.0037","-0.0016","0.0143","0.0143","0","0.5573","CC"
"1","trait1","PZA03298.1","5","21811793","0.0011","0.0011","7e-04","0.0043","0.0043","0","0.0527","TT"
"1","trait1","PZA03298.3","5","21811854","-8e-04","-8e-04","-4e-04","0.0031","0.0031","0","0.0147","CC"
"1","trait1","PZB01983.2","5","23437363","-5.8142","-5.8142","-11.5661","1.694","1.694","1.4559","0.4290","GG"
"1","trait1","PZB01983.1","5","23437641","-0.7363","-0.7364","-2.0013","0.271","0.271","0.433","0.2472","GG"
"1","trait1","PZA00329.3","5","24480823","1.1772","1.1772","2.5354","0.5478","0.5479","0.6026","0.4688","GG"
"1","trait1","PZA00934.2","5","30064518","2.4045","2.4045","4.7675","1.2478","1.2478","1.1155","0.7741","TT"
"1","trait1","PZA02113.1","5","30239292","0.0011","0.0011","5e-04","0.0041","0.0041","0","0.1911","CC"
"1","trait1","PZB00579.2","5","32365820","2e-04","2e-04","1e-04","8e-04","8e-04","0","1.4522","CC"
"1","trait1","PZB00579.1","5","32366013","-7e-04","-7e-04","-3e-04","0.0025","0.0025","0","0.4818","CC"
"1","trait1","PZB00869.4","5","32366193","0.0035","0.0035","0.0017","0.0134","0.0134","0","0.3870","TT"
"1","trait1","PZB00869.1","5","32366223","0.0026","0.0026","0.0013","0.01","0.01","0","0.0344","AA"
"1","trait1","PZB00869.2","5","32366232","0.0038","0.0038","0.0018","0.0146","0.0146","0","0.3532","TT"
"1","trait1","PZA01563.1","5","32599139","-0.0012","-0.0012","-6e-04","0.0044","0.0044","0","0.8269","GG"
"1","trait1","PZA00499.10","5","34586816","-0.0027","-0.0027","-0.0012","0.0102","0.0102","0","0.1559","GG"
"1","trait1","PZA00499.3","5","34586850","-1.97","-1.97","-4.0684","0.9866","0.9866","0.9459","0.7856","TT"
"1","trait1","PZA00449.2","5","37511797","0.0043","0.0043","0.002","0.0165","0.0165","0","0.1946","GG"
"1","trait1","PZA03261.1","5","41024015","-3.7915","-3.7915","-7.0008","1.108","1.108","0.9048","0.0920","GG"
"1","trait1","PZA03217.1","5","41024709","0.0014","0.0014","5e-04","0.0054","0.0054","0","0.1182","AA"
"1","trait1","PZA03217.2","5","41024758","0.0011","0.0011","3e-04","0.0042","0.0042","0","0.1500","TT"
"1","trait1","PZA00629.21","5","42492559","0.7559","0.7574","1.6663","0.2493","0.2496","0.3876","0.4541","AA"
"1","trait1","PZA00407.8","5","48828125","-7.5766e-05","-7.5766e-05","9.2568e-05","3e-04","3e-04","0","0.7537","AA"
"1","trait1","PZA02207.1","5","49203492","-0.0034","-0.0034","-0.0015","0.0132","0.0132","0","0.3733","AA"
"1","trait1","PZA00401.6","5","55324262","0.7159","0.7154","1.9105","0.195","0.1949","0.3732","0.1439","GG"
"1","trait1","PZA00401.11","5","55324334","-3e-04","-3e-04","-6.6275e-05","0.001","0.001","0","0.0968","CC"
"1","trait1","PZA00805.1","5","57507670","0.0013","0.0013","6e-04","0.005","0.005","0","0.1410","AA"
"1","trait1","PHM2769.43","5","57831576","0.0041","0.0041","0.002","0.0158","0.0158","0","0.0108","CC"
"1","trait1","PZA00522.2","5","57933325","0.0013","0.0013","6e-04","0.005","0.005","0","0.0613","TT"
"1","trait1","PZA00522.7","5","57933514","0.8645","0.8646","1.2567","0.3524","0.3524","0.3977","0.6415","TT"
"1","trait1","PZA00522.12","5","57933548","0.6042","0.6042","0.7206","0.27","0.27","0.3529","0.3700","GG"
"1","trait1","PZA00222.7","5","58576757","-0.0017","-0.0017","-7e-04","0.0064","0.0064","0","0.0123","AA"
"1","trait1","PZA00222.5","5","58576811","0.0816","0.095","0.1457","0.0854","0.0928","0.3122","0.2264","TT"
"1","trait1","PZB01004.2","5","58616019","-1.3153e-05","-1.3153e-05","-1.5101e-05","4.9586e-05","4.9586e-05","0","0.9658","GG"
"1","trait1","PZB01004.1","5","58616136","0.0012","0.0012","6e-04","0.0045","0.0045","0","0.4471","TT"
"1","trait1","PHM1870.20","5","59299993","3e-04","3e-04","8.8849e-05","0.001","0.001","0","0.1167","CC"
"1","trait1","PZA03451.7","5","59300236","0.0023","0.0023","0.0011","0.0087","0.0087","0","0.1454","CC"
"1","trait1","PZA03451.5","5","59300361","-5.1337e-06","-5.1336e-06","-6.9798e-05","1.9376e-05","1.9375e-05","0","0.0866","AA"
"1","trait1","PZA03451.6","5","59300415","0.0034","0.0034","0.0017","0.0132","0.0132","0","0.2351","AA"
"1","trait1","PZB01271.1","5","60104545","-0.002","-0.002","-0.001","0.0078","0.0078","0","1.0038","AA"
"1","trait1","PZA03426.1","5","60371555","-0.0029","-0.0029","-0.0012","0.0112","0.0112","0","0.8432","TT"
"1","trait1","PZB01115.4","5","60964265","-0.7246","-0.7246","-1.1571","0.3527","0.3527","0.4081","0.7143","CC"
"1","trait1","PZB01115.3","5","60964334","-0.0013","-0.0013","-8e-04","0.005","0.005","0","0.0345","TT"
"1","trait1","PZA00710.11","5","61491984","0.0041","0.0041","0.002","0.0158","0.0158","0","0.0626","TT"
"1","trait1","PZA00710.1","5","61492543","0.0028","0.0028","0.0013","0.0108","0.0108","0","0.0498","AA"
"1","trait1","PZA00345.27","5","61898123","-21.5775","-21.5775","-51.9976","2.3725","2.3725","1.3827","1.2077","AA"
"1","trait1","PZA00345.15","5","61898524","0.0014","0.0014","7e-04","0.0053","0.0053","0","0.8942","TT"
"1","trait1","PZA00472.2","5","62415995","6e-04","6e-04","4e-04","0.0021","0.0021","0","0.0491","CC"
"1","trait1","PZB01336.6","5","62622237","0.001","0.001","3e-04","0.0036","0.0036","0","0.1186","CC"
"1","trait1","PZB01336.3","5","62622538","-1.2856","-1.2856","-2.2597","0.5876","0.5876","0.5534","1.0974","CC"
"1","trait1","PZA03411.3","5","63013302","0.0025","0.0025","0.0013","0.0097","0.0097","0","0.8927","CC"
"1","trait1","PZA03411.2","5","63013636","2e-04","2e-04","1e-04","8e-04","8e-04","0","0.3752","CC"
"1","trait1","PZA01050.1","5","63415425","0.0019","0.0019","9e-04","0.0071","0.0071","0","0.0585","GG"
"1","trait1","PZB00232.1","5","63417714","0.0045","0.0045","0.002","0.0174","0.0174","0","0.4067","GG"
"1","trait1","PZB00232.2","5","63418190","-2e-04","-2e-04","-2e-04","9e-04","9e-04","0","0.0074","GG"
"1","trait1","PZB02023.1","5","63418474","0.003","0.003","0.0013","0.0116","0.0116","0","0.4336","GG"
"1","trait1","PZA03042.1","5","64413079","0.004","0.004","0.002","0.0155","0.0155","0","0.1298","GG"
"1","trait1","PZA03042.5","5","64413280","-8.0228","-8.0228","-16.3105","2.7421","2.7421","2.4034","0.1122","CC"
"1","trait1","PHM4165.14","5","65741535","-0.0012","-0.0012","-5e-04","0.0047","0.0047","0","0.1567","AA"
"1","trait1","PZA00626.4","5","66131678","-0.0031","-0.0031","-0.0014","0.012","0.012","0","0.7830","AA"
"1","trait1","PZA00626.3","5","66131744","-6e-04","-6e-04","-3e-04","0.0024","0.0024","0","0.4930","CC"
"1","trait1","PZA00569.11","5","66901923","0.4909","0.4909","1.7355","0.1785","0.1785","0.3864","0.2592","AA"
"1","trait1","PZA00569.17","5","66902020","0.0028","0.0028","0.5007","0.0105","0.0105","0.3224","0.8220","TT"
"1","trait1","PZA03356.2","5","66971839","2e-04","2e-04","1e-04","8e-04","8e-04","0","1.4522","GG"
"1","trait1","PZA03356.1","5","66971925","-0.0015","-0.0015","-8e-04","0.0057","0.0057","0","0.3596","CC"
"1","trait1","PZA03356.3","5","66972253","2e-04","2e-04","1e-04","8e-04","8e-04","0","1.4522","AA"
"1","trait1","PZA03399.2","5","67946242","-1.2881","-1.2881","-2.7971","0.4484","0.4484","0.5247","1.0772","AA"
"1","trait1","PZA03399.1","5","67946563","0.0024","0.0024","0.0011","0.0093","0.0093","0","0.2215","TT"
"1","trait1","PZB01112.1","5","68419652","-1.7212","-1.7177","-3.4011","0.7278","0.7267","0.6978","0.3916","CC"
"1","trait1","PZA00606.3","6","2379148","0.0034","0.0034","0.0015","0.0132","0.0132","0","0.0499","TT"
"1","trait1","PZA03003.11","6","6321806","0.0012","0.0012","6e-04","0.0044","0.0044","0","0.0546","GG"
"1","trait1","PZA03003.10","6","6321890","-0.001","-0.001","-5e-04","0.0039","0.0039","0","0.6695","CC"
"1","trait1","PZA03290.1","6","9243581","0.0013","0.0013","6e-04","0.0051","0.0051","0","0.3141","AA"
"1","trait1","PZA03290.2","6","9243719","-0.0027","-0.0027","-0.0012","0.0102","0.0102","0","0.6787","CC"
"1","trait1","PZA03290.3","6","9243743","-0.0031","-0.0031","-0.0014","0.0119","0.0119","0","0.9866","TT"
"1","trait1","PHM15961.13","6","9561803","-6e-04","-6e-04","-1e-04","0.0023","0.0023","0","0.1718","GG"
"1","trait1","PZA00503.5","6","12075777","-0.0041","-0.0041","-0.0019","0.0157","0.0157","0","0.2538","TT"
"1","trait1","PZA00158.2","6","14057156","0.0032","0.0032","0.0015","0.0123","0.0123","0","0.3311","GG"
"1","trait1","PZA00233.8","6","19092580","0.754","0.7543","1.3346","0.341","0.3411","0.4154","0.3320","CC"
"1","trait1","PZA03047.20","6","20837292","-6e-04","-6e-04","-4e-04","0.0021","0.0021","0","1.2238","GG"
"1","trait1","PZA01426.1","7","729478","-0.0029","-0.0029","-0.0013","0.0109","0.0109","0","0.1370","TT"
"1","trait1","PZB00140.1","7","2081333","0.0022","0.0022","0.001","0.0086","0.0086","0","0.5114","TT"
"1","trait1","PZD00057.2","7","2091465","-0.0017","-0.0017","-9e-04","0.0066","0.0066","0","0.0635","TT"
"1","trait1","PZD00057.1","7","2091822","0.0029","0.0029","0.0015","0.011","0.011","0","0.3036","GG"
"1","trait1","PZD00057.4","7","2092048","-1.3061","-1.3061","-2.0336","0.5036","0.5036","0.4737","0.3070","AA"
"1","trait1","PZD00057.3","7","2092320","0.0036","0.0036","0.0019","0.0137","0.0137","0","1.1702","CC"
"1","trait1","PZA02035.5","7","2585198","-0.3764","-0.3765","-0.2295","0.1617","0.1618","0.3123","0.3389","CC"
"1","trait1","PZA00188.1","7","2998280","-1.6085","-1.6085","-2.9664","0.6407","0.6407","0.6015","1.0106","AA"
"1","trait1","PZB01960.1","7","3671338","0.4118","0.4118","1.0524","0.1743","0.1743","0.3588","0.5442","CC"
"1","trait1","PZB01482.2","7","3671378","0.0031","0.0031","0.0016","0.0119","0.0119","0","0.0131","CC"
"1","trait1","PZB01482.3","7","3671468","-4e-04","-4e-04","-1e-04","0.0014","0.0014","0","0.6040","CC"
"1","trait1","PZB01482.1","7","3671683","-0.0092","-0.0047","-0.066","0.0255","0.0181","0.3056","0.0087","TT"
"1","trait1","PZB01083.4","7","4242242","0.0046","0.0046","0.0023","0.0175","0.0175","0","0.6407","CC"
"1","trait1","PZB01083.3","7","4242439","0.0042","0.0042","0.0021","0.016","0.016","0","0.8475","GG"
"1","trait1","PZB01083.2","7","4242495","-0.0017","-0.0017","-9e-04","0.0064","0.0064","0","1.0770","CC"
"1","trait1","PZA02983.38","7","4244157","0.0011","0.0011","5e-04","0.0041","0.0041","0","0.1891","AA"
"1","trait1","PHM9241.13","7","5101361","-0.0034","-0.0034","-0.0017","0.0129","0.0129","0","0.8109","TT"
"1","trait1","PZA02388.1","8","169137","0.0032","0.0032","0.0016","0.0123","0.0123","0","0.0511","TT"
"1","trait1","PZA02174.2","8","4101256","0.0047","0.0047","0.0024","0.0181","0.0181","0","0.0205","TT"
"1","trait1","PZA03316.4","8","4766593","1.6142","1.611","6.6682","0.3194","0.319","0.5719","0.5720","GG"
"1","trait1","PZA03316.1","8","4766694","0.004","0.004","0.0019","0.0152","0.0152","0","0.0565","TT"
"1","trait1","PZA03316.3","8","4766801","-0.3115","-0.3115","-0.2837","0.1833","0.1833","0.3221","0.9187","AA"
"1","trait1","PZA00368.17","8","5632196","0.002","0.002","0.001","0.0075","0.0075","0","0.0495","CC"
"1","trait1","PZA00368.1","8","5632308","0.0029","0.0029","0.0014","0.0111","0.0111","0","0.0662","GG"
"1","trait1","PZA00058.1","8","5966657","1.0241","1.0241","2.0145","0.5166","0.5166","0.5456","1.4300","AA"
"1","trait1","PZA00058.5","8","5966698","0.0038","0.0038","0.0019","0.0146","0.0146","0","0.6223","CC"
"1","trait1","PZB01963.4","9","24376774","2e-04","2e-04","1e-04","8e-04","8e-04","0","1.4522","CC"
"1","trait1","PZB01963.6","9","24376844","-2e-04","-2e-04","-4.4581e-05","8e-04","8e-04","0","0.7384","GG"
"1","trait1","PZB01963.5","9","24376908","-7e-04","-7e-04","-2e-04","0.0026","0.0026","0","0.2135","CC"
"1","trait1","PZB01963.3","9","24376967","-5e-04","-5e-04","-2e-04","0.0021","0.0021","0","0.4492","CC"
"1","trait1","PZB01963.1","9","24377057","5e-04","5e-04","3e-04","0.002","0.002","0","0.3063","AA"
"1","trait1","PZA02648.2","9","25654718","-0.0032","-0.0032","-0.0014","0.0122","0.0122","0","0.3225","TT"
"1","trait1","PZA03113.5","9","26513930","0.9073","0.9075","2.0267","0.3857","0.3857","0.4828","0.6396","AA"
"1","trait1","PZA03113.3","9","26514219","-0.0021","-0.0021","-9e-04","0.0079","0.0079","0","0.4018","CC"
"1","trait1","PZA03113.4","9","26514227","1.9628","1.9628","3.5825","0.9172","0.9172","0.784","0.6335","AA"
"1","trait1","PZB00379.2","9","26661426","-0.0021","-0.0021","-9e-04","0.008","0.008","0","0.4121","AA"
"1","trait1","PZB00379.1","9","26661626","-2.8589","-2.8589","-5.6232","1.4018","1.4018","1.2369","2.4298","AA"
"1","trait1","PZA00693.3","9","28318787","0.0016","0.0016","9e-04","0.006","0.006","0","0.3851","AA"
"1","trait1","PZB00959.1","9","28529745","0.9257","0.9257","2.0236","0.4157","0.4157","0.5028","0.8259","GG"
"1","trait1","PZB02423.1","9","28529871","1.0079","1.0081","2.1348","0.3248","0.3248","0.4313","0.7257","CC"
"1","trait1","PZB00235.2","9","34649110","-0.0022","-0.0022","-0.0011","0.0084","0.0084","0","0.4853","AA"
"1","trait1","PZB00235.1","9","34649218","-0.0041","-0.0041","-0.0021","0.0156","0.0156","0","0.2417","TT"
"1","trait1","PZA02878.13","9","37421825","0.7702","0.7702","1.8759","0.3191","0.3191","0.4525","0.3314","CC"
"1","trait1","PZA02861.13","9","42849025","9e-04","9e-04","5e-04","0.0035","0.0035","0","0.1328","CC"
"1","trait1","PZA02861.12","9","42849080","-0.0022","-0.0022","-9e-04","0.0082","0.0082","0","0.5662","CC"
"1","trait1","PZA03469.1","9","42852770","2.7159","2.7158","5.1342","1.0404","1.0404","0.9008","1.3373","GG"
"1","trait1","PZA03332.1","10","838970","-0.0025","-0.0025","-0.0011","0.0097","0.0097","0","0.1581","GG"
"1","trait1","PZA02554.1","10","1939921","0.0025","0.0025","0.0012","0.0097","0.0097","0","0.0925","GG"
"1","trait1","PZA02221.20","10","1948030","2.9511","2.9512","5.8253","1.5967","1.5967","1.4039","0.7904","TT"
"1","trait1","PZA03216.2","10","2118915","-0.0014","-0.0014","-8e-04","0.0054","0.0054","0","0.2218","CC"
"1","trait1","PZA01313.2","10","3598262","2.3603","2.3604","4.5226","1.212","1.2121","1.043","1.1776","GG"
"1","trait1","PZA02095.10","10","5119007","-2.7446","-2.7444","-5.7827","1.0654","1.0653","1.0282","0.9249","GG"
"1","trait1","PZA03078.29","10","6121273","-0.0047","-0.0047","-0.0023","0.018","0.018","0","0.7549","CC"
"1","trait1","PZA03078.33","10","6121326","0.0019","0.0019","8e-04","0.007","0.007","0","0.0179","TT"
"1","trait1","PHM2828.83","10","6121374","-0.0015","-0.0015","-7e-04","0.0057","0.0057","0","0.2493","CC"
